{
    "args": [
        "--json-output-file",
        "report.json"
    ],
    "datetime": "2020-07-30T15:58:29.336222",
    "mindsdb_version": "2.1.0",
    "sklearn_version": "0.23.1",
    "benchmarks": {
        "boston_house_prices": {
            "boston_mindsdb": {
                "r2_score": {
                    "values": [
                        0.6738784013825625,
                        0.7182431212265064,
                        0.7182431212265064
                    ],
                    "mean": 0.7034548812785251,
                    "std": 0.02091372949806273
                },
                "time_train": {
                    "values": [
                        27.899821519851685,
                        29.4145770072937,
                        29.711605310440063
                    ],
                    "mean": 29.008667945861816,
                    "std": 0.7933942906164139
                },
                "time_predict": {
                    "values": [
                        0.06758880615234375,
                        0.06642842292785645,
                        0.06595444679260254
                    ],
                    "mean": 0.06665722529093425,
                    "std": 0.0006865593056228107
                }
            },
            "boston_sklearn_naive": {
                "r2_score": {
                    "values": [
                        0.8718714595934401,
                        0.8657133818547098,
                        0.9297934115927566
                    ],
                    "mean": 0.8891260843469689,
                    "std": 0.0288658288101584
                },
                "time_train": {
                    "values": [
                        0.1159968376159668,
                        0.11200642585754395,
                        0.11381649971008301
                    ],
                    "mean": 0.11393992106119792,
                    "std": 0.00163141474858952
                },
                "time_predict": {
                    "values": [
                        0.010596990585327148,
                        0.010610342025756836,
                        0.010403871536254883
                    ],
                    "mean": 0.010537068049112955,
                    "std": 9.434174939565891e-05
                }
            }
        }
    }
}